id,fir_id,criminal_id,role,dataset_provenance,source_file,source_row_ref
5cfaa1f9-2be2-56a3-9fd3-eb83c484b5f6,bb000000-0000-0000-0000-000000000002,f0000000-0000-0000-0000-000000000002,accused,demo,saksha_full_setup.sql,1
21bd69b3-ecef-5766-96c9-681e84a475c7,bb000000-0000-0000-0000-000000000003,f0000000-0000-0000-0000-000000000001,accused,demo,saksha_full_setup.sql,2
6435bd4f-7f67-5295-89b0-b319b0429036,bb000000-0000-0000-0000-000000000003,f0000000-0000-0000-0000-000000000004,accused,demo,saksha_full_setup.sql,3
7a1db63f-328a-57b1-9997-35b8b1bf3247,bb000000-0000-0000-0000-000000000004,f0000000-0000-0000-0000-000000000001,accused,demo,saksha_full_setup.sql,4
65189aba-88dc-5e97-8045-44e53401682d,bb000000-0000-0000-0000-000000000005,f0000000-0000-0000-0000-000000000003,accused,demo,saksha_full_setup.sql,5
b09af1dc-fb3f-5111-bdce-ada8c0d861d1,bb000000-0000-0000-0000-000000000006,f0000000-0000-0000-0000-000000000004,accused,demo,saksha_full_setup.sql,6
1b6031cb-28ec-56e0-bcc8-a3e7d882ebc4,bb000000-0000-0000-0000-000000000007,f0000000-0000-0000-0000-000000000005,accused,demo,saksha_full_setup.sql,7
65b806bd-eca1-554e-9fdf-ae9e7db3098d,bb000000-0000-0000-0000-000000000008,f0000000-0000-0000-0000-000000000004,accused,demo,saksha_full_setup.sql,8
c053cdbc-3767-510e-a7ff-2c2e3b7c2213,bb000000-0000-0000-0000-000000000011,f0000000-0000-0000-0000-000000000001,accused,demo,saksha_full_setup.sql,9
